"source","gene","sample","ngl_link"
"Deng et al. 2019","5-HT1A-T2-M","BRAIN-U","https://spelunker.cave-explorer.org/#!middleauth+https://global.daf-apis.com/nglstate/api/v1/4809960817950720"
"Deng et al. 2019","5-HT1B-T1","BRAIN-M","https://spelunker.cave-explorer.org/#!middleauth+https://global.daf-apis.com/nglstate/api/v1/6326770730008576"
"Deng et al. 2019","5-HT2B-T4","BRAIN-M","https://spelunker.cave-explorer.org/#!middleauth+https://global.daf-apis.com/nglstate/api/v1/5749044746911744"
"Deng et al. 2019","5-HT7-Gal4-T10","BRAIN-U","https://spelunker.cave-explorer.org/#!middleauth+https://global.daf-apis.com/nglstate/api/v1/4919395846455296"
"Deng et al. 2019","AstA","BRAIN-U","https://spelunker.cave-explorer.org/#!middleauth+https://global.daf-apis.com/nglstate/api/v1/6143744993656832"
"Deng et al. 2019","AstA- T2 5137 female2","BRAIN-U","https://spelunker.cave-explorer.org/#!middleauth+https://global.daf-apis.com/nglstate/api/v1/6037133973258240"
"Deng et al. 2019","AstA-T2","BRAIN-M","https://spelunker.cave-explorer.org/#!middleauth+https://global.daf-apis.com/nglstate/api/v1/5301708467994624"
"Deng et al. 2019","AstA-T2 5137 female2","BRAIN-U","https://spelunker.cave-explorer.org/#!middleauth+https://global.daf-apis.com/nglstate/api/v1/6045295753297920"
"Deng et al. 2019","AstC-T9","BRAIN-M","https://spelunker.cave-explorer.org/#!middleauth+https://global.daf-apis.com/nglstate/api/v1/5844164129325056"
"Deng et al. 2019","AstC-T9","VNC-M","https://spelunker.cave-explorer.org/#!middleauth+https://global.daf-apis.com/nglstate/api/v1/5614069225619456"
"Deng et al. 2019","CCAP-R","BRAIN-M","https://spelunker.cave-explorer.org/#!middleauth+https://global.daf-apis.com/nglstate/api/v1/5186094793490432"
"Deng et al. 2019","CCAP-R5","BRAIN-M","https://spelunker.cave-explorer.org/#!middleauth+https://global.daf-apis.com/nglstate/api/v1/6311994700333056"
"Deng et al. 2019","CCHa1-M","BRAIN-U","https://spelunker.cave-explorer.org/#!middleauth+https://global.daf-apis.com/nglstate/api/v1/5889908685144064"
"Deng et al. 2019","CCHa1-M","VNC-U","https://spelunker.cave-explorer.org/#!middleauth+https://global.daf-apis.com/nglstate/api/v1/4622631943798784"
"Deng et al. 2019","CCHa1-R-T6","BRAIN-F","https://spelunker.cave-explorer.org/#!middleauth+https://global.daf-apis.com/nglstate/api/v1/5771145641984000"
"Deng et al. 2019","CCHa1-R-T6","BRAIN-M","https://spelunker.cave-explorer.org/#!middleauth+https://global.daf-apis.com/nglstate/api/v1/5518192536453120"
"Deng et al. 2019","CCHa1-R-T6","VNC-F","https://spelunker.cave-explorer.org/#!middleauth+https://global.daf-apis.com/nglstate/api/v1/4686552063016960"
"Deng et al. 2019","CCHa2","BRAIN-M","https://spelunker.cave-explorer.org/#!middleauth+https://global.daf-apis.com/nglstate/api/v1/5414439816790016"
"Deng et al. 2019","CCHa2-R-S","VNC-U","https://spelunker.cave-explorer.org/#!middleauth+https://global.daf-apis.com/nglstate/api/v1/6717853003677696"
"Deng et al. 2019","CG13229-T3-M","BRAIN-U","https://spelunker.cave-explorer.org/#!middleauth+https://global.daf-apis.com/nglstate/api/v1/5174982370918400"
"Deng et al. 2019","CG13229-T3-M","VNC-U","https://spelunker.cave-explorer.org/#!middleauth+https://global.daf-apis.com/nglstate/api/v1/5748531850641408"
"Deng et al. 2019","CG13579-T4-M","BRAIN-U","https://spelunker.cave-explorer.org/#!middleauth+https://global.daf-apis.com/nglstate/api/v1/6540339723632640"
"Deng et al. 2019","CG31760-L-T26","BRAIN-U","https://spelunker.cave-explorer.org/#!middleauth+https://global.daf-apis.com/nglstate/api/v1/6080988626026496"
"Deng et al. 2019","CG31760-L-T26","VNC-M","https://spelunker.cave-explorer.org/#!middleauth+https://global.daf-apis.com/nglstate/api/v1/4783913384804352"
"Deng et al. 2019","CG43795-T3","BRAIN-M","https://spelunker.cave-explorer.org/#!middleauth+https://global.daf-apis.com/nglstate/api/v1/5474184019836928"
"Deng et al. 2019","CG43795-T3","VNC-M","https://spelunker.cave-explorer.org/#!middleauth+https://global.daf-apis.com/nglstate/api/v1/6711695228534784"
"Deng et al. 2019","CNMa-M","BRAIN-U","https://spelunker.cave-explorer.org/#!middleauth+https://global.daf-apis.com/nglstate/api/v1/6720625606393856"
"Deng et al. 2019","CNMa-T6","BRAIN-F","https://spelunker.cave-explorer.org/#!middleauth+https://global.daf-apis.com/nglstate/api/v1/6076118133112832"
"Deng et al. 2019","CNMa-T6","BRAIN-M","https://spelunker.cave-explorer.org/#!middleauth+https://global.daf-apis.com/nglstate/api/v1/5738966874587136"
"Deng et al. 2019","CNMaR-M","BRAIN-U","https://spelunker.cave-explorer.org/#!middleauth+https://global.daf-apis.com/nglstate/api/v1/4710752375013376"
"Deng et al. 2019","CNMaR-M","VNC-U","https://spelunker.cave-explorer.org/#!middleauth+https://global.daf-apis.com/nglstate/api/v1/6463017628729344"
"Deng et al. 2019","CapaR-L-T1","BRAIN-F","https://spelunker.cave-explorer.org/#!middleauth+https://global.daf-apis.com/nglstate/api/v1/5684018069635072"
"Deng et al. 2019","CapaR-L-T1","BRAIN-M","https://spelunker.cave-explorer.org/#!middleauth+https://global.daf-apis.com/nglstate/api/v1/4849512500690944"
"Deng et al. 2019","CapaR-L-T1","VNC-F","https://spelunker.cave-explorer.org/#!middleauth+https://global.daf-apis.com/nglstate/api/v1/5896396484902912"
"Deng et al. 2019","CapaR-L-T1","VNC-M","https://spelunker.cave-explorer.org/#!middleauth+https://global.daf-apis.com/nglstate/api/v1/5505509112152064"
"Deng et al. 2019","ChAT-Gal4","VNC-U","https://spelunker.cave-explorer.org/#!middleauth+https://global.daf-apis.com/nglstate/api/v1/4571606306258944"
"Deng et al. 2019","DAT-T7","BRAIN-F","https://spelunker.cave-explorer.org/#!middleauth+https://global.daf-apis.com/nglstate/api/v1/5353288944844800"
"Deng et al. 2019","Dh31-L-T1","BRAIN-M","https://spelunker.cave-explorer.org/#!middleauth+https://global.daf-apis.com/nglstate/api/v1/6398675864518656"
"Deng et al. 2019","Dh31-L-T1","VNC-M","https://spelunker.cave-explorer.org/#!middleauth+https://global.daf-apis.com/nglstate/api/v1/6639068086534144"
"Deng et al. 2019","Dh31-R-L","BRAIN-M","https://spelunker.cave-explorer.org/#!middleauth+https://global.daf-apis.com/nglstate/api/v1/5482345799876608"
"Deng et al. 2019","Dh31-R-S","BRAIN-U","https://spelunker.cave-explorer.org/#!middleauth+https://global.daf-apis.com/nglstate/api/v1/6663325524951040"
"Deng et al. 2019","Dh31-R-S","VNC-U","https://spelunker.cave-explorer.org/#!middleauth+https://global.daf-apis.com/nglstate/api/v1/4711401787490304"
"Deng et al. 2019","Dh31-S-1","VNC-U","https://spelunker.cave-explorer.org/#!middleauth+https://global.daf-apis.com/nglstate/api/v1/4815699045253120"
"Deng et al. 2019","Dh31-S-2","VNC-U","https://spelunker.cave-explorer.org/#!middleauth+https://global.daf-apis.com/nglstate/api/v1/5076013842169856"
"Deng et al. 2019","DopR-L","BRAIN-U","https://spelunker.cave-explorer.org/#!middleauth+https://global.daf-apis.com/nglstate/api/v1/5252402780307456"
"Deng et al. 2019","DopR-L","VNC-U","https://spelunker.cave-explorer.org/#!middleauth+https://global.daf-apis.com/nglstate/api/v1/4924501757263872"
"Deng et al. 2019","DopR2-L-T14","BRAIN-M","https://spelunker.cave-explorer.org/#!middleauth+https://global.daf-apis.com/nglstate/api/v1/6621053299195904"
"Deng et al. 2019","DopR2-S-T10","BRAIN-M","https://spelunker.cave-explorer.org/#!middleauth+https://global.daf-apis.com/nglstate/api/v1/5326958731722752"
"Deng et al. 2019","Dsk-1","VNC-U","https://spelunker.cave-explorer.org/#!middleauth+https://global.daf-apis.com/nglstate/api/v1/6030519723622400"
"Deng et al. 2019","Dsk-2","VNC-U","https://spelunker.cave-explorer.org/#!middleauth+https://global.daf-apis.com/nglstate/api/v1/5489236085047296"
"Deng et al. 2019","G77","BRAIN-U","https://spelunker.cave-explorer.org/#!middleauth+https://global.daf-apis.com/nglstate/api/v1/5205976733974528"
"Deng et al. 2019","GABA-B-R3-M","BRAIN-U","https://spelunker.cave-explorer.org/#!middleauth+https://global.daf-apis.com/nglstate/api/v1/4918558881480704"
"Deng et al. 2019","GABA-B-R3-M","VNC-U","https://spelunker.cave-explorer.org/#!middleauth+https://global.daf-apis.com/nglstate/api/v1/5033523328057344"
"Deng et al. 2019","GluRIA-T2","BRAIN-M","https://spelunker.cave-explorer.org/#!middleauth+https://global.daf-apis.com/nglstate/api/v1/5491224386469888"
"Deng et al. 2019","GluRIB","VNC-U","https://spelunker.cave-explorer.org/#!middleauth+https://global.daf-apis.com/nglstate/api/v1/6154903050256384"
"Deng et al. 2019","Hdc-S","VNC-U","https://spelunker.cave-explorer.org/#!middleauth+https://global.daf-apis.com/nglstate/api/v1/6614861902512128"
"Deng et al. 2019","HisCl1-S","VNC-U","https://spelunker.cave-explorer.org/#!middleauth+https://global.daf-apis.com/nglstate/api/v1/5837301694332928"
"Deng et al. 2019","ITP-L","BRAIN-U","https://spelunker.cave-explorer.org/#!middleauth+https://global.daf-apis.com/nglstate/api/v1/6331876640817152"
"Deng et al. 2019","ITP-S","BRAIN-U","https://spelunker.cave-explorer.org/#!middleauth+https://global.daf-apis.com/nglstate/api/v1/6644092443295744"
"Deng et al. 2019","ITP-S","VNC-U","https://spelunker.cave-explorer.org/#!middleauth+https://global.daf-apis.com/nglstate/api/v1/5591953096835072"
"Deng et al. 2019","LK-F","BRAIN-U","https://spelunker.cave-explorer.org/#!middleauth+https://global.daf-apis.com/nglstate/api/v1/4536937598681088"
"Deng et al. 2019","Lgr3","VNC-U","https://spelunker.cave-explorer.org/#!middleauth+https://global.daf-apis.com/nglstate/api/v1/6516139411636224"
"Deng et al. 2019","Lk-F","VNC-U","https://spelunker.cave-explorer.org/#!middleauth+https://global.daf-apis.com/nglstate/api/v1/5551739922022400"
"Deng et al. 2019","Lk-M","BRAIN-U","https://spelunker.cave-explorer.org/#!middleauth+https://global.daf-apis.com/nglstate/api/v1/5638963795591168"
"Deng et al. 2019","Lk-M","VNC-U","https://spelunker.cave-explorer.org/#!middleauth+https://global.daf-apis.com/nglstate/api/v1/5775501409910784"
"Deng et al. 2019","MsR2-L-T5","BRAIN-M","https://spelunker.cave-explorer.org/#!middleauth+https://global.daf-apis.com/nglstate/api/v1/4609382556893184"
"Deng et al. 2019","MsR2-L-T5","VNC-M","https://spelunker.cave-explorer.org/#!middleauth+https://global.daf-apis.com/nglstate/api/v1/6225476879122432"
"Deng et al. 2019","Nmdar1-T2-M","BRAIN-U","https://spelunker.cave-explorer.org/#!middleauth+https://global.daf-apis.com/nglstate/api/v1/5629412392304640"
"Deng et al. 2019","Nmdar1-T2-M","VNC-U","https://spelunker.cave-explorer.org/#!middleauth+https://global.daf-apis.com/nglstate/api/v1/5232256766443520"
"Deng et al. 2019","Nplp1-R2","VNC-U","https://spelunker.cave-explorer.org/#!middleauth+https://global.daf-apis.com/nglstate/api/v1/6435634745966592"
"Deng et al. 2019","Nplp1-S-1","VNC-U","https://spelunker.cave-explorer.org/#!middleauth+https://global.daf-apis.com/nglstate/api/v1/5243517566713856"
"Deng et al. 2019","Nplp1-S-2","VNC-U","https://spelunker.cave-explorer.org/#!middleauth+https://global.daf-apis.com/nglstate/api/v1/6246968023056384"
"Deng et al. 2019","Pburs-T3","BRAIN-M","https://spelunker.cave-explorer.org/#!middleauth+https://global.daf-apis.com/nglstate/api/v1/5795206719864832"
"Deng et al. 2019","Pburs-T3","VNC-M","https://spelunker.cave-explorer.org/#!middleauth+https://global.daf-apis.com/nglstate/api/v1/6201913749012480"
"Deng et al. 2019","PdfR-F","BRAIN-U","https://spelunker.cave-explorer.org/#!middleauth+https://global.daf-apis.com/nglstate/api/v1/6733048597970944"
"Deng et al. 2019","PdfR-F","VNC-U","https://spelunker.cave-explorer.org/#!middleauth+https://global.daf-apis.com/nglstate/api/v1/5468724780859392"
"Deng et al. 2019","Rdl-T1","BRAIN-M","https://spelunker.cave-explorer.org/#!middleauth+https://global.daf-apis.com/nglstate/api/v1/4521602350841856"
"Deng et al. 2019","Tk","BRAIN-M","https://spelunker.cave-explorer.org/#!middleauth+https://global.daf-apis.com/nglstate/api/v1/5121068116213760"
"Deng et al. 2019","Tk","VNC-F","https://spelunker.cave-explorer.org/#!middleauth+https://global.daf-apis.com/nglstate/api/v1/6620690575785984"
"Deng et al. 2019","Tk","VNC-M","https://spelunker.cave-explorer.org/#!middleauth+https://global.daf-apis.com/nglstate/api/v1/5296290098315264"
"Deng et al. 2019","Trissin-T9","BRAIN-F","https://spelunker.cave-explorer.org/#!middleauth+https://global.daf-apis.com/nglstate/api/v1/6318681293324288"
"Deng et al. 2019","Trissin-T9","BRAIN-M","https://spelunker.cave-explorer.org/#!middleauth+https://global.daf-apis.com/nglstate/api/v1/6479188851687424"
"Deng et al. 2019","Trissin-T9","VNC-F","https://spelunker.cave-explorer.org/#!middleauth+https://global.daf-apis.com/nglstate/api/v1/6344485456838656"
"Deng et al. 2019","Trissin-T9","VNC-M","https://spelunker.cave-explorer.org/#!middleauth+https://global.daf-apis.com/nglstate/api/v1/5975412407533568"
"Deng et al. 2019","VGLUT-G","BRAIN-U","https://spelunker.cave-explorer.org/#!middleauth+https://global.daf-apis.com/nglstate/api/v1/5488961995669504"
"Deng et al. 2019","mAChR-B-T7","VNC-U","https://spelunker.cave-explorer.org/#!middleauth+https://global.daf-apis.com/nglstate/api/v1/6600083926679552"
"Deng et al. 2019","mthl10-C","VNC-U","https://spelunker.cave-explorer.org/#!middleauth+https://global.daf-apis.com/nglstate/api/v1/4770496578060288"
"Deng et al. 2019","mthl10-L-T2","BRAIN-M","https://spelunker.cave-explorer.org/#!middleauth+https://global.daf-apis.com/nglstate/api/v1/4669306813022208"
"Deng et al. 2019","nAChRβ2-M","BRAIN-U","https://spelunker.cave-explorer.org/#!middleauth+https://global.daf-apis.com/nglstate/api/v1/5513168179691520"
"Deng et al. 2019","sNPF-1","BRAIN-M","https://spelunker.cave-explorer.org/#!middleauth+https://global.daf-apis.com/nglstate/api/v1/5735282463735808"
"Deng et al. 2019","vGAT","BRAIN-M","https://spelunker.cave-explorer.org/#!middleauth+https://global.daf-apis.com/nglstate/api/v1/4904619816779776"
"Deng et al. 2019","w;L71 T1 1117284 female1","BRAIN-U","https://spelunker.cave-explorer.org/#!middleauth+https://global.daf-apis.com/nglstate/api/v1/4649601503068160"
"Deng et al. 2019","w;L77 1117284 female2","BRAIN-U","https://spelunker.cave-explorer.org/#!middleauth+https://global.daf-apis.com/nglstate/api/v1/5935860724793344"
"Kondo et al. 2020","5-HT1B","no1","https://spelunker.cave-explorer.org/#!middleauth+https://global.daf-apis.com/nglstate/api/v1/4569431039541248"
"Kondo et al. 2020","5-HT1B","no2","https://spelunker.cave-explorer.org/#!middleauth+https://global.daf-apis.com/nglstate/api/v1/5799513649315840"
"Kondo et al. 2020","5-HT2A","no1","https://spelunker.cave-explorer.org/#!middleauth+https://global.daf-apis.com/nglstate/api/v1/5310969172459520"
"Kondo et al. 2020","5-HT2A","no2","https://spelunker.cave-explorer.org/#!middleauth+https://global.daf-apis.com/nglstate/api/v1/4974988560957440"
"Kondo et al. 2020","5-HT2B","no1","https://spelunker.cave-explorer.org/#!middleauth+https://global.daf-apis.com/nglstate/api/v1/5138440873050112"
"Kondo et al. 2020","5-HT2B","no2","https://spelunker.cave-explorer.org/#!middleauth+https://global.daf-apis.com/nglstate/api/v1/4974475664687104"
"Kondo et al. 2020","5-HT7","no1","https://spelunker.cave-explorer.org/#!middleauth+https://global.daf-apis.com/nglstate/api/v1/6051911949090816"
"Kondo et al. 2020","5-HT7","no2","https://spelunker.cave-explorer.org/#!middleauth+https://global.daf-apis.com/nglstate/api/v1/6419660068093952"
"Kondo et al. 2020","AkhR","no1","https://spelunker.cave-explorer.org/#!middleauth+https://global.daf-apis.com/nglstate/api/v1/6234664434925568"
"Kondo et al. 2020","AkhR","no2","https://spelunker.cave-explorer.org/#!middleauth+https://global.daf-apis.com/nglstate/api/v1/4741370391560192"
"Kondo et al. 2020","AstA-R1","no1","https://spelunker.cave-explorer.org/#!middleauth+https://global.daf-apis.com/nglstate/api/v1/6100888467800064"
"Kondo et al. 2020","AstA-R1","no2","https://spelunker.cave-explorer.org/#!middleauth+https://global.daf-apis.com/nglstate/api/v1/5132964840079360"
"Kondo et al. 2020","AstA-R2","no1","https://spelunker.cave-explorer.org/#!middleauth+https://global.daf-apis.com/nglstate/api/v1/6177019179040768"
"Kondo et al. 2020","AstC-R1","no1","https://spelunker.cave-explorer.org/#!middleauth+https://global.daf-apis.com/nglstate/api/v1/4821537298317312"
"Kondo et al. 2020","AstC-R1","no2","https://spelunker.cave-explorer.org/#!middleauth+https://global.daf-apis.com/nglstate/api/v1/5783025857069056"
"Kondo et al. 2020","AstC-R2","no1","https://spelunker.cave-explorer.org/#!middleauth+https://global.daf-apis.com/nglstate/api/v1/4643026780553216"
"Kondo et al. 2020","AstC-R2","no2","https://spelunker.cave-explorer.org/#!middleauth+https://global.daf-apis.com/nglstate/api/v1/4932203438931968"
"Kondo et al. 2020","CCAP-R","no1","https://spelunker.cave-explorer.org/#!middleauth+https://global.daf-apis.com/nglstate/api/v1/6692969389228032"
"Kondo et al. 2020","CCAP-R","no2","https://spelunker.cave-explorer.org/#!middleauth+https://global.daf-apis.com/nglstate/api/v1/5071813968134144"
"Kondo et al. 2020","CCHa1-R","no1","https://spelunker.cave-explorer.org/#!middleauth+https://global.daf-apis.com/nglstate/api/v1/6197713874976768"
"Kondo et al. 2020","CCHa1-R","no2","https://spelunker.cave-explorer.org/#!middleauth+https://global.daf-apis.com/nglstate/api/v1/5509084924084224"
"Kondo et al. 2020","CCHa2-R","no1","https://spelunker.cave-explorer.org/#!middleauth+https://global.daf-apis.com/nglstate/api/v1/6136340872691712"
"Kondo et al. 2020","CCHa2-R","no2","https://spelunker.cave-explorer.org/#!middleauth+https://global.daf-apis.com/nglstate/api/v1/6157675652972544"
"Kondo et al. 2020","CCKLR-17D1","no1","https://spelunker.cave-explorer.org/#!middleauth+https://global.daf-apis.com/nglstate/api/v1/6170098644549632"
"Kondo et al. 2020","CCKLR-17D1","no2","https://spelunker.cave-explorer.org/#!middleauth+https://global.daf-apis.com/nglstate/api/v1/5768926687395840"
"Kondo et al. 2020","CCKLR-17D3","no1","https://spelunker.cave-explorer.org/#!middleauth+https://global.daf-apis.com/nglstate/api/v1/6613500733423616"
"Kondo et al. 2020","CCKLR-17D3","no2","https://spelunker.cave-explorer.org/#!middleauth+https://global.daf-apis.com/nglstate/api/v1/4805108712865792"
"Kondo et al. 2020","CG12344","no1","https://spelunker.cave-explorer.org/#!middleauth+https://global.daf-apis.com/nglstate/api/v1/6258864746921984"
"Kondo et al. 2020","CG12344","no2","https://spelunker.cave-explorer.org/#!middleauth+https://global.daf-apis.com/nglstate/api/v1/4827289551372288"
"Kondo et al. 2020","CG13229","no1","https://spelunker.cave-explorer.org/#!middleauth+https://global.daf-apis.com/nglstate/api/v1/5953189458214912"
"Kondo et al. 2020","CG13229","no2","https://spelunker.cave-explorer.org/#!middleauth+https://global.daf-apis.com/nglstate/api/v1/6074241886715904"
"Kondo et al. 2020","CG13575","no1","https://spelunker.cave-explorer.org/#!middleauth+https://global.daf-apis.com/nglstate/api/v1/6057740622364672"
"Kondo et al. 2020","CG13575","no2","https://spelunker.cave-explorer.org/#!middleauth+https://global.daf-apis.com/nglstate/api/v1/4851489863368704"
"Kondo et al. 2020","CG13995","no1","https://spelunker.cave-explorer.org/#!middleauth+https://global.daf-apis.com/nglstate/api/v1/6519040175505408"
"Kondo et al. 2020","CG13995","no2","https://spelunker.cave-explorer.org/#!middleauth+https://global.daf-apis.com/nglstate/api/v1/4736370110103552"
"Kondo et al. 2020","CG32547","no1","https://spelunker.cave-explorer.org/#!middleauth+https://global.daf-apis.com/nglstate/api/v1/6634984830926848"
"Kondo et al. 2020","CG32547","no2","https://spelunker.cave-explorer.org/#!middleauth+https://global.daf-apis.com/nglstate/api/v1/4645245735141376"
"Kondo et al. 2020","CG43795","no1","https://spelunker.cave-explorer.org/#!middleauth+https://global.daf-apis.com/nglstate/api/v1/4928274433048576"
"Kondo et al. 2020","CG43795","no2","https://spelunker.cave-explorer.org/#!middleauth+https://global.daf-apis.com/nglstate/api/v1/5192781386481664"
"Kondo et al. 2020","CG7589","no1","https://spelunker.cave-explorer.org/#!middleauth+https://global.daf-apis.com/nglstate/api/v1/5012285184540672"
"Kondo et al. 2020","CG7589","no2","https://spelunker.cave-explorer.org/#!middleauth+https://global.daf-apis.com/nglstate/api/v1/5867270298402816"
"Kondo et al. 2020","CapaR","no1","https://spelunker.cave-explorer.org/#!middleauth+https://global.daf-apis.com/nglstate/api/v1/5537938514378752"
"Kondo et al. 2020","CapaR","no2","https://spelunker.cave-explorer.org/#!middleauth+https://global.daf-apis.com/nglstate/api/v1/5862270016946176"
"Kondo et al. 2020","CrzR","no1","https://spelunker.cave-explorer.org/#!middleauth+https://global.daf-apis.com/nglstate/api/v1/6054174339891200"
"Kondo et al. 2020","CrzR","no2","https://spelunker.cave-explorer.org/#!middleauth+https://global.daf-apis.com/nglstate/api/v1/5511291933294592"
"Kondo et al. 2020","D2R","no1","https://spelunker.cave-explorer.org/#!middleauth+https://global.daf-apis.com/nglstate/api/v1/6100375571529728"
"Kondo et al. 2020","DKaiR1D","no1","https://spelunker.cave-explorer.org/#!middleauth+https://global.daf-apis.com/nglstate/api/v1/4689452826886144"
"Kondo et al. 2020","DKaiR1D","no2","https://spelunker.cave-explorer.org/#!middleauth+https://global.daf-apis.com/nglstate/api/v1/4637083904770048"
"Kondo et al. 2020","Dh44-R2","no1","https://spelunker.cave-explorer.org/#!middleauth+https://global.daf-apis.com/nglstate/api/v1/6058103345774592"
"Kondo et al. 2020","Dh44-R2","no2","https://spelunker.cave-explorer.org/#!middleauth+https://global.daf-apis.com/nglstate/api/v1/6357593109823488"
"Kondo et al. 2020","DopEcR","no1","https://spelunker.cave-explorer.org/#!middleauth+https://global.daf-apis.com/nglstate/api/v1/6473837322436608"
"Kondo et al. 2020","DopEcR","no2","https://spelunker.cave-explorer.org/#!middleauth+https://global.daf-apis.com/nglstate/api/v1/6138185091383296"
"Kondo et al. 2020","DopR1","no1","https://spelunker.cave-explorer.org/#!middleauth+https://global.daf-apis.com/nglstate/api/v1/6663838421221376"
"Kondo et al. 2020","DopR1","no2","https://spelunker.cave-explorer.org/#!middleauth+https://global.daf-apis.com/nglstate/api/v1/5304320344981504"
"Kondo et al. 2020","DopR2","no1","https://spelunker.cave-explorer.org/#!middleauth+https://global.daf-apis.com/nglstate/api/v1/5494790668943360"
"Kondo et al. 2020","DopR2","no2","https://spelunker.cave-explorer.org/#!middleauth+https://global.daf-apis.com/nglstate/api/v1/4541423826239488"
"Kondo et al. 2020","GABA-B-R1","no1","https://spelunker.cave-explorer.org/#!middleauth+https://global.daf-apis.com/nglstate/api/v1/4558118162792448"
"Kondo et al. 2020","GABA-B-R1","no2","https://spelunker.cave-explorer.org/#!middleauth+https://global.daf-apis.com/nglstate/api/v1/5299320063524864"
"Kondo et al. 2020","GABA-B-R2","no1","https://spelunker.cave-explorer.org/#!middleauth+https://global.daf-apis.com/nglstate/api/v1/6440898211610624"
"Kondo et al. 2020","GABA-B-R2","no2","https://spelunker.cave-explorer.org/#!middleauth+https://global.daf-apis.com/nglstate/api/v1/4790338991423488"
"Kondo et al. 2020","GluClalpha","no1","https://spelunker.cave-explorer.org/#!middleauth+https://global.daf-apis.com/nglstate/api/v1/6458977205354496"
"Kondo et al. 2020","GluClalpha","no2","https://spelunker.cave-explorer.org/#!middleauth+https://global.daf-apis.com/nglstate/api/v1/6430220251824128"
"Kondo et al. 2020","GluRIB","no1","https://spelunker.cave-explorer.org/#!middleauth+https://global.daf-apis.com/nglstate/api/v1/5377412769513472"
"Kondo et al. 2020","GluRIB","no2","https://spelunker.cave-explorer.org/#!middleauth+https://global.daf-apis.com/nglstate/api/v1/4546722691809280"
"Kondo et al. 2020","GluRIIA","no1","https://spelunker.cave-explorer.org/#!middleauth+https://global.daf-apis.com/nglstate/api/v1/5695330946383872"
"Kondo et al. 2020","GluRIIA","no2","https://spelunker.cave-explorer.org/#!middleauth+https://global.daf-apis.com/nglstate/api/v1/5022845368270848"
"Kondo et al. 2020","GluRIIB","no1","https://spelunker.cave-explorer.org/#!middleauth+https://global.daf-apis.com/nglstate/api/v1/5831755163500544"
"Kondo et al. 2020","GluRIIB","no2","https://spelunker.cave-explorer.org/#!middleauth+https://global.daf-apis.com/nglstate/api/v1/5236563695894528"
"Kondo et al. 2020","GluRIIC","no1","https://spelunker.cave-explorer.org/#!middleauth+https://global.daf-apis.com/nglstate/api/v1/6362463602737152"
"Kondo et al. 2020","GluRIIC","no2","https://spelunker.cave-explorer.org/#!middleauth+https://global.daf-apis.com/nglstate/api/v1/5594725699551232"
"Kondo et al. 2020","GluRIID","no1","https://spelunker.cave-explorer.org/#!middleauth+https://global.daf-apis.com/nglstate/api/v1/5066462438883328"
"Kondo et al. 2020","GluRIID","no2","https://spelunker.cave-explorer.org/#!middleauth+https://global.daf-apis.com/nglstate/api/v1/4718264222482432"
"Kondo et al. 2020","GluRIIE","no1","https://spelunker.cave-explorer.org/#!middleauth+https://global.daf-apis.com/nglstate/api/v1/6148745275113472"
"Kondo et al. 2020","GluRIIE","no2","https://spelunker.cave-explorer.org/#!middleauth+https://global.daf-apis.com/nglstate/api/v1/4911234066415616"
"Kondo et al. 2020","Grd","no1","https://spelunker.cave-explorer.org/#!middleauth+https://global.daf-apis.com/nglstate/api/v1/5029003143413760"
"Kondo et al. 2020","Grd","no2","https://spelunker.cave-explorer.org/#!middleauth+https://global.daf-apis.com/nglstate/api/v1/5495153392353280"
"Kondo et al. 2020","Lcch3","no1","https://spelunker.cave-explorer.org/#!middleauth+https://global.daf-apis.com/nglstate/api/v1/5947437205159936"
"Kondo et al. 2020","Lcch3","no2","https://spelunker.cave-explorer.org/#!middleauth+https://global.daf-apis.com/nglstate/api/v1/5633890315141120"
"Kondo et al. 2020","Lgr3","no2","https://spelunker.cave-explorer.org/#!middleauth+https://global.daf-apis.com/nglstate/api/v1/5091435794661376"
"Kondo et al. 2020","NPFR","no1","https://spelunker.cave-explorer.org/#!middleauth+https://global.daf-apis.com/nglstate/api/v1/4787681279082496"
"Kondo et al. 2020","NPFR","no2","https://spelunker.cave-explorer.org/#!middleauth+https://global.daf-apis.com/nglstate/api/v1/6362617466585088"
"Kondo et al. 2020","Nmdar1","no1","https://spelunker.cave-explorer.org/#!middleauth+https://global.daf-apis.com/nglstate/api/v1/5390239504793600"
"Kondo et al. 2020","Nmdar1","no2","https://spelunker.cave-explorer.org/#!middleauth+https://global.daf-apis.com/nglstate/api/v1/6425219970367488"
"Kondo et al. 2020","Nmdar2","no1","https://spelunker.cave-explorer.org/#!middleauth+https://global.daf-apis.com/nglstate/api/v1/6427298734538752"
"Kondo et al. 2020","Nmdar2","no2","https://spelunker.cave-explorer.org/#!middleauth+https://global.daf-apis.com/nglstate/api/v1/5763820776587264"
"Kondo et al. 2020","Oamb","no1","https://spelunker.cave-explorer.org/#!middleauth+https://global.daf-apis.com/nglstate/api/v1/6735960854233088"
"Kondo et al. 2020","Oamb","no2","https://spelunker.cave-explorer.org/#!middleauth+https://global.daf-apis.com/nglstate/api/v1/5300496163143680"
"Kondo et al. 2020","PK1-R","no1","https://spelunker.cave-explorer.org/#!middleauth+https://global.daf-apis.com/nglstate/api/v1/6738475423367168"
"Kondo et al. 2020","PK2-R2","no1","https://spelunker.cave-explorer.org/#!middleauth+https://global.daf-apis.com/nglstate/api/v1/4955242583031808"
"Kondo et al. 2020","PK2-R2","no2","https://spelunker.cave-explorer.org/#!middleauth+https://global.daf-apis.com/nglstate/api/v1/5585795321692160"
"Kondo et al. 2020","RYa-R","no1","https://spelunker.cave-explorer.org/#!middleauth+https://global.daf-apis.com/nglstate/api/v1/4623144840069120"
"Kondo et al. 2020","RYa-R","no2","https://spelunker.cave-explorer.org/#!middleauth+https://global.daf-apis.com/nglstate/api/v1/6052186038468608"
"Kondo et al. 2020","SIFaR","no1","https://spelunker.cave-explorer.org/#!middleauth+https://global.daf-apis.com/nglstate/api/v1/4955088719183872"
"Kondo et al. 2020","SIFaR","no2","https://spelunker.cave-explorer.org/#!middleauth+https://global.daf-apis.com/nglstate/api/v1/5960385944354816"
"Kondo et al. 2020","SPR","no1","https://spelunker.cave-explorer.org/#!middleauth+https://global.daf-apis.com/nglstate/api/v1/5607148691128320"
"Kondo et al. 2020","SPR","no2","https://spelunker.cave-explorer.org/#!middleauth+https://global.daf-apis.com/nglstate/api/v1/6081142489874432"
"Kondo et al. 2020","TkR86C","no1","https://spelunker.cave-explorer.org/#!middleauth+https://global.daf-apis.com/nglstate/api/v1/5795901632151552"
"Kondo et al. 2020","TkR86C","no2","https://spelunker.cave-explorer.org/#!middleauth+https://global.daf-apis.com/nglstate/api/v1/5864658421415936"
"Kondo et al. 2020","TyrRII","no1","https://spelunker.cave-explorer.org/#!middleauth+https://global.daf-apis.com/nglstate/api/v1/6540989136109568"
"Kondo et al. 2020","TyrRII","no2","https://spelunker.cave-explorer.org/#!middleauth+https://global.daf-apis.com/nglstate/api/v1/5876899413753856"
"Kondo et al. 2020","hec","no1","https://spelunker.cave-explorer.org/#!middleauth+https://global.daf-apis.com/nglstate/api/v1/5268805210079232"
"Kondo et al. 2020","hec","no2","https://spelunker.cave-explorer.org/#!middleauth+https://global.daf-apis.com/nglstate/api/v1/4950218226270208"
"Kondo et al. 2020","lgr1","no1","https://spelunker.cave-explorer.org/#!middleauth+https://global.daf-apis.com/nglstate/api/v1/5537425618108416"
"Kondo et al. 2020","lgr1","no2","https://spelunker.cave-explorer.org/#!middleauth+https://global.daf-apis.com/nglstate/api/v1/4714600867037184"
"Kondo et al. 2020","lgr4","no1","https://spelunker.cave-explorer.org/#!middleauth+https://global.daf-apis.com/nglstate/api/v1/5916238898266112"
"Kondo et al. 2020","lgr4","no2","https://spelunker.cave-explorer.org/#!middleauth+https://global.daf-apis.com/nglstate/api/v1/5815352733728768"
"Kondo et al. 2020","mAChR-A","no1","https://spelunker.cave-explorer.org/#!middleauth+https://global.daf-apis.com/nglstate/api/v1/6394705116921856"
"Kondo et al. 2020","mAChR-A","no2","https://spelunker.cave-explorer.org/#!middleauth+https://global.daf-apis.com/nglstate/api/v1/6217335701504000"
"Kondo et al. 2020","mAChR-B","no1","https://spelunker.cave-explorer.org/#!middleauth+https://global.daf-apis.com/nglstate/api/v1/5099576972279808"
"Kondo et al. 2020","mAChR-B","no2","https://spelunker.cave-explorer.org/#!middleauth+https://global.daf-apis.com/nglstate/api/v1/5200870823165952"
"Kondo et al. 2020","mGluR","no1","https://spelunker.cave-explorer.org/#!middleauth+https://global.daf-apis.com/nglstate/api/v1/5200033858191360"
"Kondo et al. 2020","mGluR","no2","https://spelunker.cave-explorer.org/#!middleauth+https://global.daf-apis.com/nglstate/api/v1/5017845086814208"
"Kondo et al. 2020","mtt","no1","https://spelunker.cave-explorer.org/#!middleauth+https://global.daf-apis.com/nglstate/api/v1/5977389770211328"
"Kondo et al. 2020","mtt","no2","https://spelunker.cave-explorer.org/#!middleauth+https://global.daf-apis.com/nglstate/api/v1/4513063888748544"
"Kondo et al. 2020","ort","no1","https://spelunker.cave-explorer.org/#!middleauth+https://global.daf-apis.com/nglstate/api/v1/6325933765033984"
"Kondo et al. 2020","ort","no2","https://spelunker.cave-explorer.org/#!middleauth+https://global.daf-apis.com/nglstate/api/v1/4987330233368576"
"Kondo et al. 2020","pdfr","no1","https://spelunker.cave-explorer.org/#!middleauth+https://global.daf-apis.com/nglstate/api/v1/5384487251738624"
"Kondo et al. 2020","pdfr","no2","https://spelunker.cave-explorer.org/#!middleauth+https://global.daf-apis.com/nglstate/api/v1/5737932324339712"
"Kondo et al. 2020","rk","no1","https://spelunker.cave-explorer.org/#!middleauth+https://global.daf-apis.com/nglstate/api/v1/6192362345725952"
"Kondo et al. 2020","rk","no2","https://spelunker.cave-explorer.org/#!middleauth+https://global.daf-apis.com/nglstate/api/v1/6385236442087424"
